{
  "metadata": {
    "schemaVersion": "1.0",
    "importType": "LEX",
    "importFormat": "JSON"
  },
  "resource": {
    "description": "Available crypto currency",
    "name": "cryptoType",
    "version": "4",
    "enumerationValues": [
      {
        "value": "Bitcoin Cash",
        "synonyms": [
          "BCH"
        ]
      },
      {
        "value": "Bitcoin",
        "synonyms": [
          "BTC"
        ]
      },
      {
        "value": "Ethereum",
        "synonyms": [
          "ETH"
        ]
      },
      {
        "value": "Litecoin",
        "synonyms": [
          "LTC"
        ]
      },
      {
        "value": "Steller",
        "synonyms": [
          "XLM"
        ]
      },
      {
        "value": "Ripple",
        "synonyms": [
          "XRP"
        ]
      },
      {
        "value": "Cardano",
        "synonyms": [
          "ADA"
        ]
      }
    ],
    "valueSelectionStrategy": "TOP_RESOLUTION"
  }
}