Date,Open,High,Low,Close,Volume
2021-07-25 11:00:00,1.79555,1.79555,1.79555,1.79555,0.0
2021-07-25 12:00:00,1.66432,1.66526,1.66,1.66526,162.223433
2021-07-25 13:00:00,1.66526,1.66526,1.66526,1.66526,0.0
2021-07-25 14:00:00,1.66526,1.66526,1.66526,1.66526,0.0
2021-07-25 15:00:00,1.66526,1.66526,1.66526,1.66526,0.0
2021-07-25 16:00:00,1.66526,1.66526,1.66526,1.66526,0.0
2021-07-25 17:00:00,1.66526,1.66526,1.66526,1.66526,0.0
2021-07-25 18:00:00,1.66526,1.66526,1.66526,1.66526,0.0
2021-07-25 19:00:00,1.66526,1.66526,1.66526,1.66526,0.0
2021-07-25 20:00:00,1.66526,1.66526,1.66526,1.66526,0.0
2021-07-25 21:00:00,1.66526,1.66526,1.66526,1.66526,0.0
2021-07-25 22:00:00,1.65053,1.65668,1.65053,1.65668,84.120595
2021-07-25 23:00:00,1.67042,1.67045,1.67042,1.67045,2653.771929
2021-07-26 00:00:00,1.67669,1.73259,1.67669,1.73259,59.456356
2021-07-26 01:00:00,1.7338,1.81167,1.7338,1.79175,2909.98193346
2021-07-26 02:00:00,1.78688,1.81754,1.78688,1.8069,236.807098
2021-07-26 03:00:00,1.8069,1.8069,1.8069,1.8069,0.0
2021-07-26 04:00:00,1.82011,1.86038,1.80437,1.86038,2134.41741986
2021-07-26 05:00:00,1.86038,1.86038,1.86038,1.86038,0.0
2021-07-26 06:00:00,1.9,1.90856,1.87096,1.87096,2642.26555457
2021-07-26 07:00:00,1.82002,1.83242,1.82,1.82734,729.54734452
2021-07-26 08:00:00,1.83747,1.85384,1.83747,1.85384,42.80492202
2021-07-26 09:00:00,1.85235,1.85235,1.8266,1.83686,259.689625
2021-07-26 10:00:00,1.83686,1.83686,1.83686,1.83686,0.0
2021-07-26 11:00:00,1.83686,1.83686,1.83686,1.83686,0.0
2021-07-26 12:00:00,1.83686,1.83686,1.83686,1.83686,0.0
2021-07-26 13:00:00,1.83686,1.83686,1.83686,1.83686,0.0
2021-07-26 14:00:00,1.83686,1.83686,1.83686,1.83686,0.0
2021-07-26 15:00:00,1.83686,1.83686,1.83686,1.83686,0.0
2021-07-26 16:00:00,1.83686,1.83686,1.83686,1.83686,0.0
2021-07-26 17:00:00,1.83686,1.83686,1.83686,1.83686,0.0
2021-07-26 18:00:00,1.83686,1.83686,1.83686,1.83686,0.0
2021-07-26 19:00:00,1.83686,1.83686,1.83686,1.83686,0.0
2021-07-26 20:00:00,1.80744,1.80744,1.72804,1.72804,515.92227265
2021-07-26 21:00:00,1.71956,1.71956,1.68827,1.71679,434.83538403
2021-07-26 22:00:00,1.70161,1.71316,1.70161,1.71316,650.6990133
2021-07-26 23:00:00,1.71463,1.71463,1.679,1.679,1161.12119835
2021-07-27 00:00:00,1.7,1.72207,1.69846,1.69846,324.17066975
2021-07-27 01:00:00,1.68409,1.68409,1.67941,1.67941,81.21654337
2021-07-27 02:00:00,1.67941,1.67941,1.67941,1.67941,0.0
2021-07-27 03:00:00,1.67941,1.67941,1.67941,1.67941,0.0
2021-07-27 04:00:00,1.67941,1.67941,1.67941,1.67941,0.0
2021-07-27 05:00:00,1.67941,1.67941,1.67941,1.67941,0.0
2021-07-27 06:00:00,1.67941,1.67941,1.67941,1.67941,0.0
2021-07-27 07:00:00,1.67941,1.67941,1.67941,1.67941,0.0
2021-07-27 08:00:00,1.67941,1.67941,1.67941,1.67941,0.0
2021-07-27 09:00:00,1.67941,1.67941,1.67941,1.67941,0.0
2021-07-27 10:00:00,1.73035,1.73042,1.73035,1.73042,2882.07602178
2021-07-27 11:00:00,1.73042,1.73042,1.73042,1.73042,0.0
2021-07-27 12:00:00,1.73042,1.73042,1.73042,1.73042,0.0
2021-07-27 13:00:00,1.73042,1.73042,1.73042,1.73042,0.0
2021-07-27 14:00:00,1.74338,1.75528,1.711,1.75002,779.1241046
2021-07-27 15:00:00,1.75002,1.75002,1.75002,1.75002,0.0
2021-07-27 16:00:00,1.75002,1.75002,1.75002,1.75002,0.0
2021-07-27 17:00:00,1.75002,1.75002,1.75002,1.75002,0.0
2021-07-27 18:00:00,1.75002,1.75002,1.75002,1.75002,0.0
2021-07-27 19:00:00,1.75002,1.75002,1.75002,1.75002,0.0
2021-07-27 20:00:00,1.75002,1.75002,1.75002,1.75002,0.0
2021-07-27 21:00:00,1.75002,1.75002,1.75002,1.75002,0.0
2021-07-27 22:00:00,1.70213,1.71805,1.70213,1.71805,454.879613
2021-07-27 23:00:00,1.71576,1.73185,1.71576,1.73185,1015.04194049
2021-07-28 00:00:00,1.72044,1.72829,1.72044,1.72829,165.54222956
2021-07-28 01:00:00,1.74377,1.74498,1.74377,1.74498,211.89269628
2021-07-28 02:00:00,1.78069,1.78069,1.7436,1.7436,439.01298723
2021-07-28 03:00:00,1.7436,1.7436,1.7436,1.7436,0.0
2021-07-28 04:00:00,1.7436,1.7436,1.7436,1.7436,0.0
2021-07-28 05:00:00,1.7436,1.7436,1.7436,1.7436,0.0
2021-07-28 06:00:00,1.74824,1.74824,1.74,1.74,396.50841405
2021-07-28 07:00:00,1.73962,1.77361,1.73962,1.77361,473.17351012
2021-07-28 08:00:00,1.76164,1.76177,1.76153,1.76177,1838.814918
2021-07-28 09:00:00,1.77002,1.77002,1.76003,1.76003,84.495909
2021-07-28 10:00:00,1.77958,1.77958,1.77672,1.77672,360.184786
2021-07-28 11:00:00,1.79939,1.79939,1.776,1.776,2835.994582
2021-07-28 12:00:00,1.776,1.776,1.776,1.776,0.0
2021-07-28 13:00:00,1.776,1.776,1.776,1.776,0.0
2021-07-28 14:00:00,1.776,1.776,1.776,1.776,0.0
2021-07-28 15:00:00,1.776,1.776,1.776,1.776,0.0
2021-07-28 16:00:00,1.776,1.776,1.776,1.776,0.0
2021-07-28 17:00:00,1.776,1.776,1.776,1.776,0.0
2021-07-28 18:00:00,1.776,1.776,1.776,1.776,0.0
2021-07-28 19:00:00,1.776,1.776,1.776,1.776,0.0
2021-07-28 20:00:00,1.732,1.732,1.73,1.73118,700.05267581
2021-07-28 21:00:00,1.73118,1.73118,1.73118,1.73118,0.0
2021-07-28 22:00:00,1.73758,1.74733,1.73758,1.74733,714.67156789
2021-07-28 23:00:00,1.74733,1.74733,1.74733,1.74733,0.0
2021-07-29 00:00:00,1.74733,1.74733,1.74733,1.74733,0.0
2021-07-29 01:00:00,1.72929,1.72929,1.71607,1.71607,730.92192994
2021-07-29 02:00:00,1.74013,1.74841,1.74013,1.74841,3332.24988017
2021-07-29 03:00:00,1.71856,1.71856,1.70777,1.70777,260.30131239
2021-07-29 04:00:00,1.70777,1.70777,1.70777,1.70777,0.0
2021-07-29 05:00:00,1.70777,1.70777,1.70777,1.70777,0.0
2021-07-29 06:00:00,1.70777,1.70777,1.70777,1.70777,0.0
2021-07-29 07:00:00,1.70777,1.70777,1.70777,1.70777,0.0
2021-07-29 08:00:00,1.70777,1.70777,1.70777,1.70777,0.0
2021-07-29 09:00:00,1.735,1.7407,1.735,1.7407,464.87048567
2021-07-29 10:00:00,1.7407,1.7407,1.7407,1.7407,0.0
2021-07-29 11:00:00,1.7407,1.7407,1.7407,1.7407,0.0
2021-07-29 12:00:00,1.7407,1.7407,1.7407,1.7407,0.0
2021-07-29 13:00:00,1.73456,1.73456,1.72918,1.72918,145.13322829
2021-07-29 14:00:00,1.72918,1.72918,1.72918,1.72918,0.0
2021-07-29 15:00:00,1.72918,1.72918,1.72918,1.72918,0.0
2021-07-29 16:00:00,1.72918,1.72918,1.72918,1.72918,0.0
2021-07-29 17:00:00,1.72918,1.72918,1.72918,1.72918,0.0
2021-07-29 18:00:00,1.72918,1.72918,1.72918,1.72918,0.0
2021-07-29 19:00:00,1.72918,1.72918,1.72918,1.72918,0.0
2021-07-29 20:00:00,1.72918,1.72918,1.72918,1.72918,0.0
2021-07-29 21:00:00,1.72918,1.72918,1.72918,1.72918,0.0
2021-07-29 22:00:00,1.72918,1.72918,1.72918,1.72918,0.0
2021-07-29 23:00:00,1.72918,1.72918,1.72918,1.72918,0.0
2021-07-30 00:00:00,1.72918,1.72918,1.72918,1.72918,0.0
2021-07-30 01:00:00,1.749,1.75,1.749,1.75,9342.7015284
2021-07-30 02:00:00,1.78071,1.78071,1.77703,1.77703,140.636518
2021-07-30 03:00:00,1.77703,1.77703,1.77703,1.77703,0.0
2021-07-30 04:00:00,1.77703,1.77703,1.77703,1.77703,0.0
2021-07-30 05:00:00,1.76983,1.76983,1.75897,1.75897,965.09129801
2021-07-30 06:00:00,1.75897,1.75897,1.75897,1.75897,0.0
2021-07-30 07:00:00,1.75897,1.75897,1.75897,1.75897,0.0
2021-07-30 08:00:00,1.75,1.75001,1.71474,1.71474,642.57401492
2021-07-30 09:00:00,1.7,1.7314,1.7,1.7314,1921.39243735
2021-07-30 10:00:00,1.71602,1.71623,1.71602,1.71623,206.70172597
2021-07-30 11:00:00,1.71623,1.71623,1.71623,1.71623,0.0
2021-07-30 12:00:00,1.71623,1.71623,1.71623,1.71623,0.0
2021-07-30 13:00:00,1.71623,1.71623,1.71623,1.71623,0.0
2021-07-30 14:00:00,1.71623,1.71623,1.71623,1.71623,0.0
2021-07-30 15:00:00,1.71623,1.71623,1.71623,1.71623,0.0
2021-07-30 16:00:00,1.71623,1.71623,1.71623,1.71623,0.0
2021-07-30 17:00:00,1.71623,1.71623,1.71623,1.71623,0.0
2021-07-30 18:00:00,1.71623,1.71623,1.71623,1.71623,0.0
2021-07-30 19:00:00,1.71623,1.71623,1.71623,1.71623,0.0
2021-07-30 20:00:00,1.71623,1.71623,1.71623,1.71623,0.0
2021-07-30 21:00:00,1.77336,1.77469,1.77336,1.77469,419.94739461
2021-07-30 22:00:00,1.77469,1.77469,1.77469,1.77469,0.0
2021-07-30 23:00:00,1.77469,1.77469,1.77469,1.77469,0.0
2021-07-31 00:00:00,1.77469,1.77469,1.77469,1.77469,0.0
2021-07-31 01:00:00,1.77469,1.77469,1.77469,1.77469,0.0
2021-07-31 02:00:00,1.77469,1.77469,1.77469,1.77469,0.0
2021-07-31 03:00:00,1.77469,1.77469,1.77469,1.77469,0.0
2021-07-31 04:00:00,1.77469,1.77469,1.77469,1.77469,0.0
2021-07-31 05:00:00,1.77469,1.77469,1.77469,1.77469,0.0
2021-07-31 06:00:00,1.76017,1.7773,1.76017,1.7773,542.658398
2021-07-31 07:00:00,1.7773,1.7773,1.7773,1.7773,0.0
2021-07-31 08:00:00,1.7773,1.7773,1.7773,1.7773,0.0
2021-07-31 09:00:00,1.7773,1.7773,1.7773,1.7773,0.0
2021-07-31 10:00:00,1.7773,1.7773,1.7773,1.7773,0.0
2021-07-31 11:00:00,1.7773,1.7773,1.7773,1.7773,0.0
2021-07-31 12:00:00,1.79184,1.79184,1.79016,1.79016,67.106596
2021-07-31 13:00:00,1.79016,1.79016,1.79016,1.79016,0.0
2021-07-31 14:00:00,1.79511,1.79511,1.78498,1.78498,192.397763
2021-07-31 15:00:00,1.78498,1.78498,1.78498,1.78498,0.0
2021-07-31 16:00:00,1.78498,1.78498,1.78498,1.78498,0.0
2021-07-31 17:00:00,1.78498,1.78498,1.78498,1.78498,0.0
2021-07-31 18:00:00,1.78498,1.78498,1.78498,1.78498,0.0
2021-07-31 19:00:00,1.78498,1.78498,1.78498,1.78498,0.0
2021-07-31 20:00:00,1.78498,1.78498,1.78498,1.78498,0.0
2021-07-31 21:00:00,1.78498,1.78498,1.78498,1.78498,0.0
2021-07-31 22:00:00,1.78498,1.78498,1.78498,1.78498,0.0
2021-07-31 23:00:00,1.78498,1.78498,1.78498,1.78498,0.0
2021-08-01 00:00:00,1.82055,1.83465,1.82055,1.83465,687.33517581
2021-08-01 01:00:00,1.84559,1.84559,1.84559,1.84559,1000.0
2021-08-01 02:00:00,1.8352,1.84606,1.8352,1.84606,4793.48976067
2021-08-01 03:00:00,1.87422,1.89717,1.868,1.89717,1464.74240271
2021-08-01 04:00:00,1.89717,1.89717,1.89717,1.89717,0.0
2021-08-01 05:00:00,1.857,1.8727,1.85117,1.8727,705.232867
2021-08-01 06:00:00,1.86882,1.86882,1.86882,1.86882,131.78601
2021-08-01 07:00:00,1.85793,1.85793,1.85455,1.85455,1675.63128
2021-08-01 08:00:00,1.85455,1.85455,1.85455,1.85455,0.0
2021-08-01 09:00:00,1.85455,1.85455,1.85455,1.85455,0.0
2021-08-01 10:00:00,1.86205,1.86205,1.86205,1.86205,25.456567
2021-08-01 11:00:00,1.86205,1.86205,1.86205,1.86205,0.0
2021-08-01 12:00:00,1.87498,1.87498,1.87498,1.87498,98.0
2021-08-01 13:00:00,1.86124,1.86124,1.85626,1.85626,137.638592
2021-08-01 14:00:00,1.85626,1.85626,1.85626,1.85626,0.0
2021-08-01 15:00:00,1.85626,1.85626,1.85626,1.85626,0.0
2021-08-01 16:00:00,1.84041,1.84041,1.84041,1.84041,73.29371872
2021-08-01 17:00:00,1.84041,1.84041,1.84041,1.84041,0.0
2021-08-01 18:00:00,1.84041,1.84041,1.84041,1.84041,0.0
2021-08-01 19:00:00,1.84041,1.84041,1.84041,1.84041,0.0
2021-08-01 20:00:00,1.84041,1.84041,1.84041,1.84041,0.0
2021-08-01 21:00:00,1.84041,1.84041,1.84041,1.84041,0.0
2021-08-01 22:00:00,1.81519,1.81793,1.80082,1.81021,332.80016928
2021-08-01 23:00:00,1.8,1.80203,1.78,1.80203,2626.61587881
2021-08-02 00:00:00,1.80175,1.80175,1.76652,1.76652,2039.47500598
2021-08-02 01:00:00,1.76631,1.78883,1.76631,1.78883,97.0
2021-08-02 02:00:00,1.78883,1.78883,1.78883,1.78883,0.0
2021-08-02 03:00:00,1.79508,1.80513,1.79508,1.80513,193.704725
2021-08-02 04:00:00,1.80473,1.80473,1.80473,1.80473,10.917611
2021-08-02 05:00:00,1.80473,1.80473,1.80473,1.80473,0.0
2021-08-02 06:00:00,1.80168,1.80168,1.80168,1.80168,899.99999999
2021-08-02 07:00:00,1.83453,1.83453,1.81676,1.81676,297.182202
2021-08-02 08:00:00,1.81766,1.81766,1.81766,1.81766,0.88949
2021-08-02 09:00:00,1.80911,1.80911,1.80911,1.80911,10.891782
2021-08-02 10:00:00,1.80911,1.80911,1.80911,1.80911,0.0
2021-08-02 11:00:00,1.79253,1.79253,1.79253,1.79253,56.005047
2021-08-02 12:00:00,1.79417,1.79417,1.78211,1.7879,647.169915
2021-08-02 13:00:00,1.78898,1.78898,1.78898,1.78898,16.541203
2021-08-02 14:00:00,1.78898,1.78898,1.78898,1.78898,0.0
2021-08-02 15:00:00,1.78898,1.78898,1.78898,1.78898,0.0
2021-08-02 16:00:00,1.78898,1.78898,1.78898,1.78898,0.0
2021-08-02 17:00:00,1.78898,1.78898,1.78898,1.78898,0.0
2021-08-02 18:00:00,1.78898,1.78898,1.78898,1.78898,0.0
2021-08-02 19:00:00,1.80832,1.80832,1.80832,1.80832,326.874546
2021-08-02 20:00:00,1.78349,1.78349,1.78349,1.78349,5.31446637
2021-08-02 21:00:00,1.78349,1.78349,1.78349,1.78349,0.0
2021-08-02 22:00:00,1.78349,1.78349,1.78349,1.78349,0.0
2021-08-02 23:00:00,1.79265,1.79265,1.79265,1.79265,5.0
2021-08-03 00:00:00,1.77695,1.78832,1.77695,1.78832,185.92116822
2021-08-03 01:00:00,1.79124,1.79124,1.77585,1.77585,77.500186
2021-08-03 02:00:00,1.75429,1.77237,1.75429,1.77237,465.461549
2021-08-03 03:00:00,1.75,1.75,1.747,1.747,230.0
2021-08-03 04:00:00,1.745,1.75,1.72804,1.72804,1161.28970254
2021-08-03 05:00:00,1.72056,1.72056,1.70309,1.71915,1152.27287052
2021-08-03 06:00:00,1.71915,1.71915,1.71915,1.71915,0.0
2021-08-03 07:00:00,1.73358,1.73358,1.73358,1.73358,100.0
2021-08-03 08:00:00,1.73358,1.73358,1.73358,1.73358,0.0
2021-08-03 09:00:00,1.74435,1.75375,1.74435,1.75375,441.108188
2021-08-03 10:00:00,1.7577,1.76786,1.7573,1.76786,321.70799899
2021-08-03 11:00:00,1.76786,1.76786,1.76786,1.76786,0.0
2021-08-03 12:00:00,1.74991,1.74991,1.74922,1.74922,129.303294
2021-08-03 13:00:00,1.77539,1.84362,1.77539,1.8417,1105.63421204
2021-08-03 14:00:00,1.84635,1.85685,1.84635,1.85685,134.23520617
2021-08-03 15:00:00,1.81645,1.82132,1.81645,1.82008,56.1038
2021-08-03 16:00:00,1.82112,1.84617,1.82112,1.84611,196.68219734
2021-08-03 17:00:00,1.84611,1.84611,1.84611,1.84611,0.0
2021-08-03 18:00:00,1.84611,1.84611,1.84611,1.84611,0.0
2021-08-03 19:00:00,1.84611,1.84611,1.84611,1.84611,0.0
2021-08-03 20:00:00,1.84611,1.84611,1.84611,1.84611,0.0
2021-08-03 21:00:00,1.84483,1.84483,1.84483,1.84483,2817.601911
2021-08-03 22:00:00,1.8695,1.8695,1.8695,1.8695,75.965865
2021-08-03 23:00:00,1.8695,1.8695,1.8695,1.8695,0.0
2021-08-04 00:00:00,1.84427,1.84457,1.82593,1.84303,552.87711089
2021-08-04 01:00:00,1.84491,1.84832,1.84491,1.84748,205.522539
2021-08-04 02:00:00,1.82762,1.84432,1.82762,1.835,593.31053653
2021-08-04 03:00:00,1.835,1.835,1.835,1.835,0.0
2021-08-04 04:00:00,1.81703,1.81703,1.81282,1.81283,2064.238439
2021-08-04 05:00:00,1.82679,1.82679,1.82679,1.82679,7.604224
2021-08-04 06:00:00,1.80851,1.80851,1.80324,1.80324,525.044648
2021-08-04 07:00:00,1.8,1.8038,1.8,1.8038,6.245263
2021-08-04 08:00:00,1.8038,1.8038,1.8038,1.8038,0.0
2021-08-04 09:00:00,1.79935,1.80141,1.79781,1.8013,144.90425454
2021-08-04 10:00:00,1.79067,1.79067,1.79067,1.79067,247.410982
2021-08-04 11:00:00,1.82337,1.82337,1.80888,1.8206,63.54287994
2021-08-04 12:00:00,1.8291,1.8291,1.8291,1.8291,134.656406
2021-08-04 13:00:00,1.84495,1.84495,1.84495,1.84495,133.502489
2021-08-04 14:00:00,1.83218,1.83218,1.83218,1.83218,250.3432626
2021-08-04 15:00:00,1.86516,1.86517,1.86297,1.86297,801.581586
2021-08-04 16:00:00,1.87259,1.87259,1.87259,1.87259,271.43240111
2021-08-04 17:00:00,1.87259,1.87259,1.87259,1.87259,0.0
2021-08-04 18:00:00,1.87259,1.87259,1.87259,1.87259,0.0
2021-08-04 19:00:00,1.85493,1.85493,1.85493,1.85493,125.81180057
2021-08-04 20:00:00,1.85493,1.85493,1.85493,1.85493,0.0
2021-08-04 21:00:00,1.88873,1.88873,1.88873,1.88873,125.0
2021-08-04 22:00:00,1.88873,1.88873,1.88873,1.88873,0.0
2021-08-04 23:00:00,1.8768,1.8768,1.86275,1.86275,430.65773769
2021-08-05 00:00:00,1.85564,1.85564,1.85564,1.85564,9.915477
2021-08-05 01:00:00,1.86684,1.86684,1.86684,1.86684,234.8139815
2021-08-05 02:00:00,1.87163,1.87197,1.86248,1.87197,869.640189
2021-08-05 03:00:00,1.87197,1.87197,1.87197,1.87197,0.0
2021-08-05 04:00:00,1.87197,1.87197,1.87197,1.87197,0.0
2021-08-05 05:00:00,1.87197,1.87197,1.87197,1.87197,0.0
2021-08-05 06:00:00,1.87197,1.87197,1.87197,1.87197,0.0
2021-08-05 07:00:00,1.85345,1.85345,1.85344,1.85344,26.79203284
2021-08-05 08:00:00,1.85345,1.86805,1.85345,1.86559,394.73225417
2021-08-05 09:00:00,1.84073,1.84073,1.84073,1.84073,132.0
2021-08-05 10:00:00,1.837,1.837,1.837,1.837,260.87819815
2021-08-05 11:00:00,1.82321,1.82321,1.82321,1.82321,44.536834
2021-08-05 12:00:00,1.83482,1.83482,1.83482,1.83482,134.232238
2021-08-05 13:00:00,1.8305,1.8305,1.8305,1.8305,26.910978
2021-08-05 14:00:00,1.86133,1.86133,1.86133,1.86133,771.20216946
2021-08-05 15:00:00,1.86133,1.86543,1.86133,1.86359,3859.216129
2021-08-05 16:00:00,1.86359,1.86359,1.86359,1.86359,0.0
2021-08-05 17:00:00,1.88088,1.88088,1.87419,1.87419,68.282131
2021-08-05 18:00:00,1.87419,1.87419,1.87419,1.87419,0.0
2021-08-05 19:00:00,1.87419,1.87419,1.87419,1.87419,0.0
2021-08-05 20:00:00,1.87419,1.87419,1.87419,1.87419,0.0
2021-08-05 21:00:00,1.88495,1.88495,1.88495,1.88495,26.88925436
2021-08-05 22:00:00,1.88495,1.88495,1.88495,1.88495,0.0
2021-08-05 23:00:00,1.88495,1.88495,1.88495,1.88495,0.0
2021-08-06 00:00:00,1.8752,1.8752,1.8752,1.8752,54.714105
2021-08-06 01:00:00,1.87434,1.87434,1.87313,1.87313,105.160148
2021-08-06 02:00:00,1.86747,1.86747,1.86747,1.86747,5.34091578
2021-08-06 03:00:00,1.86823,1.87943,1.86823,1.87943,351.514409
2021-08-06 04:00:00,1.84778,1.84778,1.84405,1.84405,1470.43280049
2021-08-06 05:00:00,1.86281,1.86554,1.85456,1.86554,2940.51229246
2021-08-06 06:00:00,1.86554,1.86554,1.86554,1.86554,0.0
2021-08-06 07:00:00,1.87,1.87,1.87,1.87,21.39037433
2021-08-06 08:00:00,1.87,1.87,1.87,1.87,0.0
2021-08-06 09:00:00,1.87564,1.87565,1.87341,1.87341,2089.333874
2021-08-06 10:00:00,1.86436,1.86569,1.854,1.86569,5817.14119347
2021-08-06 11:00:00,1.85401,1.8629,1.85401,1.85837,2101.39682158
2021-08-06 12:00:00,1.86973,1.86973,1.86973,1.86973,2.634493
2021-08-06 13:00:00,1.86405,1.86405,1.86405,1.86405,740.0
2021-08-06 14:00:00,1.87979,1.87979,1.87979,1.87979,340.673207
2021-08-06 15:00:00,1.87979,1.87979,1.87979,1.87979,0.0
2021-08-06 16:00:00,1.91306,1.92377,1.91306,1.92377,257.18025889
2021-08-06 17:00:00,1.9254,1.93633,1.9254,1.93633,2008.064711
2021-08-06 18:00:00,1.93633,1.93633,1.93633,1.93633,0.0
2021-08-06 19:00:00,1.91042,1.91042,1.91042,1.91042,859.0465646
2021-08-06 20:00:00,1.91972,1.91972,1.91972,1.91972,25.660556
2021-08-06 21:00:00,1.91972,1.91972,1.91972,1.91972,0.0
2021-08-06 22:00:00,1.91972,1.91972,1.91972,1.91972,0.0
2021-08-06 23:00:00,1.90414,1.90414,1.90414,1.90414,9.71198388
2021-08-07 00:00:00,1.92916,1.92916,1.92916,1.92916,25.534726
2021-08-07 01:00:00,1.92836,1.92836,1.92836,1.92836,5.109063
2021-08-07 02:00:00,1.94201,1.97496,1.94201,1.97496,377.51459652
2021-08-07 03:00:00,1.94811,1.97593,1.94811,1.95998,7723.79044024
2021-08-07 04:00:00,1.97872,1.97872,1.97872,1.97872,49.789348
2021-08-07 05:00:00,1.97026,1.97026,1.97006,1.97006,359.021785
2021-08-07 06:00:00,1.97387,1.97387,1.93817,1.93817,528.159234
2021-08-07 07:00:00,1.95407,1.96287,1.95407,1.96287,81.78103198
2021-08-07 08:00:00,1.9599,1.96385,1.9599,1.96385,796.678679
2021-08-07 09:00:00,1.95535,1.99562,1.95535,1.98151,1146.93084031
2021-08-07 10:00:00,1.99326,2.01273,1.99326,2.00282,1361.15455706
2021-08-07 11:00:00,2.00282,2.00282,2.00282,2.00282,0.0
2021-08-07 12:00:00,2.02183,2.02728,1.99782,1.99782,1101.81145922
2021-08-07 13:00:00,2.00564,2.02691,2.00564,2.02691,681.843919
2021-08-07 14:00:00,2.02691,2.02691,2.02691,2.02691,0.0
2021-08-07 15:00:00,2.02691,2.02691,2.02691,2.02691,0.0
2021-08-07 16:00:00,1.97867,1.97867,1.94949,1.94949,148.70565802
2021-08-07 17:00:00,1.94949,1.94949,1.94949,1.94949,0.0
2021-08-07 18:00:00,1.94949,1.94949,1.94949,1.94949,0.0
2021-08-07 19:00:00,1.94949,1.94949,1.94949,1.94949,0.0
2021-08-07 20:00:00,1.94949,1.94949,1.94949,1.94949,0.0
2021-08-07 21:00:00,1.9959,1.9959,1.9959,1.9959,24.0
2021-08-07 22:00:00,1.9959,1.9959,1.9959,1.9959,0.0
2021-08-07 23:00:00,2.01833,2.01833,2.01833,2.01833,559.554404
2021-08-08 00:00:00,2.01117,2.02209,2.01001,2.01001,409.488079
2021-08-08 01:00:00,2.006,2.006,1.95701,1.95701,865.66085696
2021-08-08 02:00:00,1.98047,1.98365,1.98047,1.98365,236.110227
2021-08-08 03:00:00,1.98969,1.99813,1.98969,1.99813,1269.722282
2021-08-08 04:00:00,2.00828,2.00828,1.99049,1.99049,538.105284
2021-08-08 05:00:00,1.97076,1.9892,1.95195,1.9892,1752.20368298
2021-08-08 06:00:00,2.02295,2.02295,2.02295,2.02295,243.506313
2021-08-08 07:00:00,2.04184,2.04184,2.04184,2.04184,10.078784
2021-08-08 08:00:00,2.00254,2.01254,2.00254,2.01254,917.95365396
2021-08-08 09:00:00,2.0162,2.0162,2.0162,2.0162,5.774281
2021-08-08 10:00:00,1.99865,1.99865,1.99865,1.99865,123.23466
2021-08-08 11:00:00,1.96651,1.98892,1.96627,1.98892,4865.863661
2021-08-08 12:00:00,1.98892,1.98892,1.98892,1.98892,0.0
2021-08-08 13:00:00,2.01365,2.01365,2.003,2.004,1145.03312833
2021-08-08 14:00:00,1.996,1.996,1.994,1.994,1002.50651755
2021-08-08 15:00:00,1.98914,1.98914,1.98914,1.98914,0.495282
2021-08-08 16:00:00,1.96,1.96,1.96,1.96,255.10204081
2021-08-08 17:00:00,1.95,1.95,1.95,1.95,269.23076882
2021-08-08 18:00:00,1.95,1.95,1.95,1.95,0.0
2021-08-08 19:00:00,1.95,1.95,1.95,1.95,0.0
2021-08-08 20:00:00,1.95,1.95,1.95,1.95,0.0
2021-08-08 21:00:00,1.95,1.95,1.95,1.95,0.0
2021-08-08 22:00:00,1.95504,1.96691,1.95504,1.96691,594.443839
2021-08-08 23:00:00,1.96294,1.96294,1.93709,1.93709,355.2582318
2021-08-09 00:00:00,1.93709,1.93709,1.93709,1.93709,0.0
2021-08-09 01:00:00,1.9067,1.917,1.9057,1.917,775.87528533
2021-08-09 02:00:00,1.91698,1.92356,1.9162,1.92356,627.25931551
2021-08-09 03:00:00,1.9285,1.9285,1.92407,1.92407,524.68072662
2021-08-09 04:00:00,1.9392,1.9392,1.9392,1.9392,515.67656766
2021-08-09 05:00:00,1.9392,1.9392,1.9392,1.9392,0.0
2021-08-09 06:00:00,1.91101,1.91101,1.91101,1.91101,26.556638
2021-08-09 07:00:00,1.91101,1.91101,1.91101,1.91101,0.0
2021-08-09 08:00:00,1.95012,1.95653,1.95012,1.95653,1030.86695178
2021-08-09 09:00:00,1.99032,1.99032,1.99032,1.99032,98.984424
2021-08-09 10:00:00,1.99616,1.99617,1.98578,1.98578,272.725929
2021-08-09 11:00:00,1.99626,1.99626,1.99626,1.99626,7.268021
2021-08-09 12:00:00,1.99626,1.99626,1.99626,1.99626,0.0
2021-08-09 13:00:00,2.00532,2.00532,2.00532,2.00532,88.7621427
2021-08-09 14:00:00,1.9919,2.00562,1.9919,2.00562,572.12791575
2021-08-09 15:00:00,2.00952,2.02995,2.00952,2.02995,402.27562277
2021-08-09 16:00:00,2.02995,2.02995,2.02995,2.02995,0.0
2021-08-09 17:00:00,2.02755,2.02842,2.025,2.025,1682.53880769
2021-08-09 18:00:00,2.03,2.04,2.03,2.04,719.02119783
2021-08-09 19:00:00,2.04081,2.04081,2.025,2.025,34716.20972967
2021-08-09 20:00:00,2.025,2.025,2.00737,2.00815,908.5536189
2021-08-09 21:00:00,1.99602,1.99602,1.99602,1.99602,300.0
2021-08-09 22:00:00,1.99602,1.99602,1.99602,1.99602,0.0
2021-08-09 23:00:00,1.99602,1.99602,1.99602,1.99602,0.0
2021-08-10 00:00:00,2.01903,2.01903,2.0,2.0,263.973036
2021-08-10 01:00:00,1.99721,2.00479,1.99721,2.00479,228.331656
2021-08-10 02:00:00,2.00479,2.00479,2.00479,2.00479,0.0
2021-08-10 03:00:00,2.00951,2.00951,1.99308,2.00588,1229.714138
2021-08-10 04:00:00,2.0062,2.00801,2.0043,2.00801,1630.74126663
2021-08-10 05:00:00,2.0002,2.0002,2.0002,2.0002,150.0
2021-08-10 06:00:00,2.01464,2.01464,2.01464,2.01464,196.228026
2021-08-10 07:00:00,2.01464,2.01464,2.01464,2.01464,0.0
2021-08-10 08:00:00,2.00856,2.02309,2.00855,2.02216,2570.9077018
2021-08-10 09:00:00,2.02216,2.02216,2.02216,2.02216,0.0
2021-08-10 10:00:00,2.04906,2.11084,2.04906,2.1038,1723.90765203
2021-08-10 11:00:00,2.13745,2.15665,2.13705,2.15665,449.11868546
2021-08-10 12:00:00,2.15597,2.15608,2.15597,2.15608,740.45355335
2021-08-10 13:00:00,2.16987,2.16987,2.123,2.123,125.749445
2021-08-10 14:00:00,2.12944,2.13979,2.12944,2.12944,148.67841721
2021-08-10 15:00:00,2.14195,2.14195,2.12211,2.12211,1107.88809083
2021-08-10 16:00:00,2.11122,2.11303,2.1,2.1004,1233.43032948
2021-08-10 17:00:00,2.1004,2.1004,2.1004,2.1004,0.0
2021-08-10 18:00:00,2.1004,2.1004,2.1004,2.1004,0.0
2021-08-10 19:00:00,2.1004,2.1004,2.1004,2.1004,0.0
2021-08-10 20:00:00,2.1004,2.1004,2.1004,2.1004,0.0
2021-08-10 21:00:00,2.19856,2.21728,2.19856,2.21728,433.71492283
2021-08-10 22:00:00,2.28003,2.28003,2.28003,2.28003,715.35738478
2021-08-10 23:00:00,2.27196,2.28947,2.27196,2.28273,1072.45882197
2021-08-11 00:00:00,2.2865,2.30524,2.2865,2.30524,927.877584
2021-08-11 01:00:00,2.32908,2.37598,2.32908,2.35104,523.69723077
2021-08-11 02:00:00,2.3188,2.32416,2.27201,2.31136,299.131361
2021-08-11 03:00:00,2.31219,2.33285,2.30704,2.32127,8098.17621479
2021-08-11 04:00:00,2.32128,2.3465,2.32127,2.3465,987.71447384
2021-08-11 05:00:00,2.36196,2.38587,2.34515,2.38,2073.2841752
2021-08-11 06:00:00,2.42569,2.43039,2.4197,2.42833,3722.62871255
2021-08-11 07:00:00,2.43049,2.44536,2.42864,2.43747,551.00428
2021-08-11 08:00:00,2.39325,2.40623,2.38437,2.38437,5272.73159593
2021-08-11 09:00:00,2.38437,2.38437,2.38437,2.38437,0.0
2021-08-11 10:00:00,2.41111,2.44652,2.40602,2.44652,4672.08310125
2021-08-11 11:00:00,2.42372,2.4485,2.42353,2.4485,1026.828902
2021-08-11 12:00:00,2.42078,2.43517,2.40555,2.40587,206.89041713
2021-08-11 13:00:00,2.43791,2.51921,2.43791,2.51921,3610.66130583
2021-08-11 14:00:00,2.56069,2.56651,2.52315,2.54543,1944.89187294
2021-08-11 15:00:00,2.56924,2.56988,2.52,2.52,640.25594789
2021-08-11 16:00:00,2.44803,2.53087,2.44803,2.51537,988.78176319
2021-08-11 17:00:00,2.51537,2.51537,2.51537,2.51537,0.0
2021-08-11 18:00:00,2.51537,2.51537,2.51537,2.51537,0.0
2021-08-11 19:00:00,2.5248,2.5248,2.5248,2.5248,282.575214
2021-08-11 20:00:00,2.5248,2.5248,2.5248,2.5248,0.0
2021-08-11 21:00:00,2.45511,2.50001,2.43149,2.50001,559.97705107
2021-08-11 22:00:00,2.44371,2.44371,2.44295,2.44295,1051.42064957
2021-08-11 23:00:00,2.4517,2.45494,2.40536,2.45494,81.83888934
2021-08-12 00:00:00,2.47361,2.48073,2.47361,2.48073,47.06904865
2021-08-12 01:00:00,2.499,2.50875,2.499,2.50095,1316.78757215
2021-08-12 02:00:00,2.505,2.505,2.505,2.505,1000.68433656
2021-08-12 03:00:00,2.52644,2.52644,2.52644,2.52644,19.498065
2021-08-12 04:00:00,2.48845,2.48845,2.48845,2.48845,9.896911
2021-08-12 05:00:00,2.46529,2.46529,2.38,2.41749,7673.70390142
2021-08-12 06:00:00,2.40865,2.40865,2.37357,2.375,1074.65252005
2021-08-12 07:00:00,2.45619,2.45619,2.4263,2.4263,194.06624446
2021-08-12 08:00:00,2.45821,2.48551,2.45805,2.46737,1943.20291
2021-08-12 09:00:00,2.43318,2.46043,2.40336,2.42153,6928.8593778
2021-08-12 10:00:00,2.44491,2.45846,2.42,2.45846,16762.174097
2021-08-12 11:00:00,2.45469,2.45469,2.39021,2.39021,4759.11696656
2021-08-12 12:00:00,2.42646,2.42647,2.36401,2.38911,7655.06177932
2021-08-12 13:00:00,2.41001,2.41001,2.41,2.41,425.31116028
2021-08-12 14:00:00,2.381,2.39953,2.31171,2.31406,1010.04488217
2021-08-12 15:00:00,2.30743,2.34579,2.30743,2.34579,126.489945
2021-08-12 16:00:00,2.34579,2.34579,2.34579,2.34579,0.0
2021-08-12 17:00:00,2.35823,2.38074,2.35823,2.38074,171.6063079
2021-08-12 18:00:00,2.38074,2.38074,2.38074,2.38074,0.0
2021-08-12 19:00:00,2.38074,2.38074,2.38074,2.38074,0.0
2021-08-12 20:00:00,2.38074,2.38074,2.38074,2.38074,0.0
2021-08-12 21:00:00,2.4007,2.41597,2.4007,2.41597,1120.0
2021-08-12 22:00:00,2.37738,2.37738,2.37738,2.37738,420.63111492
2021-08-12 23:00:00,2.37791,2.4587,2.37791,2.4587,898.11152761
2021-08-13 00:00:00,2.5,2.56988,2.5,2.53393,5323.62057923
2021-08-13 01:00:00,2.5589,2.5589,2.5589,2.5589,7.700292
2021-08-13 02:00:00,2.57695,2.59148,2.57093,2.58006,8536.55951483
2021-08-13 03:00:00,2.6994,2.7691,2.64328,2.6755,5067.90478434
2021-08-13 04:00:00,2.67284,2.69946,2.52364,2.69946,8168.32353524
2021-08-13 05:00:00,2.66237,2.71624,2.60577,2.69596,7019.48390166
2021-08-13 06:00:00,2.67076,2.73289,2.6695,2.73289,2561.15353236
2021-08-13 07:00:00,2.72288,2.72288,2.69,2.69749,3003.6124847
2021-08-13 08:00:00,2.69706,2.73905,2.69,2.73905,8678.54317425
2021-08-13 09:00:00,2.8,2.83557,2.78925,2.79347,9179.4207653
2021-08-13 10:00:00,2.78977,2.78977,2.74224,2.77109,2569.13700832
2021-08-13 11:00:00,2.77032,2.81,2.75279,2.75279,2658.91550348
2021-08-13 12:00:00,2.75808,2.80991,2.75808,2.80979,1669.863927
2021-08-13 13:00:00,2.80936,2.80936,2.78012,2.78082,315.0318796
2021-08-13 14:00:00,2.7424,2.7424,2.69686,2.70093,404.3390618
2021-08-13 15:00:00,2.69006,2.69397,2.60527,2.68498,10949.84835957
2021-08-13 16:00:00,2.73562,2.73562,2.73562,2.73562,18.007019
2021-08-13 17:00:00,2.73562,2.73562,2.73562,2.73562,0.0
2021-08-13 18:00:00,2.72137,2.75067,2.72137,2.75067,559.087581
2021-08-13 19:00:00,2.7,2.7,2.7,2.7,1955.33141358
2021-08-13 20:00:00,2.73791,2.79218,2.73791,2.7652,2808.98708394
2021-08-13 21:00:00,2.79084,2.79084,2.7899,2.78991,1078.609771
2021-08-13 22:00:00,2.73448,2.76631,2.7258,2.76631,2555.844012
2021-08-13 23:00:00,2.83558,3.08493,2.83558,2.90304,18348.99186734
2021-08-14 00:00:00,2.89214,2.93903,2.86208,2.86208,1945.96216048
2021-08-14 01:00:00,2.89039,2.90849,2.85902,2.85902,4378.06604203
2021-08-14 02:00:00,2.85738,2.88617,2.85738,2.88583,1313.40732897
2021-08-14 03:00:00,2.88583,2.88583,2.88583,2.88583,0.0
2021-08-14 04:00:00,2.89776,2.89776,2.89776,2.89776,33.998953
2021-08-14 05:00:00,2.89634,2.92135,2.89634,2.91825,2737.085463
2021-08-14 06:00:00,3.00148,3.00148,2.94654,2.94654,1222.28341863
2021-08-14 07:00:00,2.96583,2.96583,2.95595,2.95595,398.844833
2021-08-14 08:00:00,2.96153,2.98628,2.95859,2.98516,1449.21880036
2021-08-14 09:00:00,2.99031,3.0624,2.84001,2.84001,8999.2592459
2021-08-14 10:00:00,2.93925,3.01033,2.8387,2.8387,1960.47874733
2021-08-14 11:00:00,2.84501,3.0549,2.84501,3.0549,18478.757499
2021-08-14 12:00:00,2.98214,2.98214,2.90395,2.90395,117.64677028
2021-08-14 13:00:00,2.88533,2.88533,2.88016,2.88016,127.546215
2021-08-14 14:00:00,3.01,3.01,3.01,3.01,136.495708
2021-08-14 15:00:00,2.98106,2.98106,2.98106,2.98106,96.40645234
2021-08-14 16:00:00,2.96891,2.96891,2.96891,2.96891,96.53032371
2021-08-14 17:00:00,2.93499,2.96363,2.85354,2.96363,6393.503012
2021-08-14 18:00:00,2.96363,2.96363,2.96363,2.96363,0.0
2021-08-14 19:00:00,2.96363,2.96363,2.96363,2.96363,0.0
2021-08-14 20:00:00,2.9603,2.9603,2.9603,2.9603,58.244934
2021-08-14 21:00:00,2.9603,2.9603,2.9603,2.9603,0.0
2021-08-14 22:00:00,2.98684,3.01799,2.98684,2.99167,563.834941
2021-08-14 23:00:00,3.01555,3.01555,2.96494,2.96494,164.701729
2021-08-15 00:00:00,3.03501,3.20671,2.97302,2.97302,16695.79594362
2021-08-15 01:00:00,2.97503,3.01204,2.92401,2.95311,864.77264636
2021-08-15 02:00:00,2.96502,2.98736,2.96502,2.98736,5403.930651
2021-08-15 03:00:00,2.95,2.97179,2.9029,2.97179,3619.24119809
2021-08-15 04:00:00,2.90073,2.95419,2.90073,2.92709,370.214458
2021-08-15 05:00:00,2.95934,2.95934,2.95934,2.95934,9.987379
2021-08-15 06:00:00,2.92226,2.9268,2.9,2.9,1881.97281366
2021-08-15 07:00:00,2.84687,2.84803,2.77,2.77,2012.75521974
2021-08-15 08:00:00,2.86523,2.87539,2.81999,2.87539,984.179584
2021-08-15 09:00:00,2.88533,2.89409,2.87987,2.89409,113.535073
2021-08-15 10:00:00,2.89409,2.89409,2.89409,2.89409,0.0
2021-08-15 11:00:00,2.85888,2.89365,2.85888,2.88386,123.68138192
2021-08-15 12:00:00,2.87999,2.87999,2.87999,2.87999,173.47076844
2021-08-15 13:00:00,2.855,2.855,2.855,2.855,350.26269702
2021-08-15 14:00:00,2.91748,2.91748,2.865,2.865,533.22208862
2021-08-15 15:00:00,2.865,2.865,2.865,2.865,0.0
2021-08-15 16:00:00,2.8515,2.8515,2.8515,2.8515,558.0
2021-08-15 17:00:00,2.8515,2.8515,2.8515,2.8515,0.0
2021-08-15 18:00:00,2.84789,2.84789,2.84789,2.84789,63.5576
2021-08-15 19:00:00,2.87792,2.87792,2.8779,2.8779,335.79632188
2021-08-15 20:00:00,2.90043,2.92943,2.90043,2.92943,226.85382486
2021-08-15 21:00:00,2.93669,2.95104,2.93669,2.95104,825.4478335
2021-08-15 22:00:00,2.97038,2.97038,2.97038,2.97038,100.0
2021-08-15 23:00:00,2.97206,2.97856,2.97206,2.97856,411.07422977
2021-08-16 00:00:00,2.93242,2.93242,2.93242,2.93242,500.0
2021-08-16 01:00:00,2.90753,2.92478,2.90753,2.92478,695.09817801
2021-08-16 02:00:00,2.91888,2.962,2.91888,2.95369,8154.63481196
2021-08-16 03:00:00,2.94,2.94,2.90505,2.90505,138.32197997
2021-08-16 04:00:00,2.89022,2.91842,2.89022,2.91842,89.03961818
2021-08-16 05:00:00,2.93303,2.94529,2.92481,2.92481,1197.256804
2021-08-16 06:00:00,2.91149,2.94666,2.91149,2.92169,335.444111
2021-08-16 07:00:00,2.98414,2.98414,2.98414,2.98414,330.112807
2021-08-16 08:00:00,2.94062,2.9602,2.94062,2.9602,19.188357
2021-08-16 09:00:00,2.95431,2.96108,2.94908,2.96108,1664.83031548
2021-08-16 10:00:00,2.96649,2.96649,2.95251,2.95325,185.363756
2021-08-16 11:00:00,2.97218,2.97564,2.95597,2.975,1955.73380202
2021-08-16 12:00:00,2.95975,2.95975,2.95975,2.95975,1.664332
2021-08-16 13:00:00,2.92,2.92,2.83301,2.8772,2955.78223864
2021-08-16 14:00:00,2.87516,2.88589,2.87516,2.88589,502.82339
2021-08-16 15:00:00,2.88589,2.88589,2.88589,2.88589,0.0
2021-08-16 16:00:00,2.88589,2.88589,2.88589,2.88589,0.0
2021-08-16 17:00:00,2.93112,2.93145,2.93112,2.93145,213.064235
2021-08-16 18:00:00,2.92852,2.92852,2.92852,2.92852,504.629428
2021-08-16 19:00:00,2.92852,2.92852,2.92852,2.92852,0.0
2021-08-16 20:00:00,2.83545,2.84652,2.8179,2.84473,1133.87177136
2021-08-16 21:00:00,2.85,2.87996,2.85,2.87996,2627.47657243
2021-08-16 22:00:00,2.89406,2.89406,2.88526,2.88526,95.245117
2021-08-16 23:00:00,2.84499,2.85744,2.83779,2.84191,1539.174362
2021-08-17 00:00:00,2.83135,2.93651,2.79393,2.79393,257.87870007
2021-08-17 01:00:00,2.8308,2.905,2.8276,2.88553,3627.286319
2021-08-17 02:00:00,2.88553,2.91631,2.8732,2.90427,1074.02388715
2021-08-17 03:00:00,2.89421,2.92738,2.89407,2.92252,1079.762013
2021-08-17 04:00:00,2.92753,2.92753,2.85724,2.88606,1789.74899155
2021-08-17 05:00:00,2.89349,2.89349,2.84006,2.84006,1007.5731605
2021-08-17 06:00:00,2.84,2.84,2.82717,2.82717,360.71015406
2021-08-17 07:00:00,2.82001,2.96011,2.80666,2.80666,13884.45293148
2021-08-17 08:00:00,2.85987,2.86069,2.82601,2.86069,3781.991653
2021-08-17 09:00:00,2.86069,2.86069,2.86069,2.86069,0.0
2021-08-17 10:00:00,2.89547,2.89547,2.89547,2.89547,34.022082
2021-08-17 11:00:00,2.8926,2.8926,2.8926,2.8926,136.237466
2021-08-17 12:00:00,2.85801,2.88794,2.85,2.85,352.269917
2021-08-17 13:00:00,2.85,2.85,2.85,2.85,0.0
2021-08-17 14:00:00,2.86741,2.86741,2.86741,2.86741,756.859855
2021-08-17 15:00:00,2.86251,2.86251,2.86251,2.86251,344.178637
2021-08-17 16:00:00,2.85337,2.86512,2.85337,2.86512,554.102417
2021-08-17 17:00:00,2.86512,2.86512,2.86512,2.86512,0.0
2021-08-17 18:00:00,2.84764,2.84764,2.84763,2.84763,356.09146799
2021-08-17 19:00:00,2.771,2.79249,2.77,2.79249,4979.62008505
2021-08-17 20:00:00,2.75,2.76121,2.69045,2.76121,2204.61583428
2021-08-17 21:00:00,2.80834,2.80834,2.65001,2.73648,3871.90574654
2021-08-17 22:00:00,2.7074,2.71666,2.63572,2.69149,1982.24167442
2021-08-17 23:00:00,2.74312,2.74312,2.53665,2.6163,25441.55872539
2021-08-18 00:00:00,2.69941,2.69941,2.58738,2.58738,588.909437
2021-08-18 01:00:00,2.6032,2.70635,2.56029,2.70635,1331.27145733
2021-08-18 02:00:00,2.72,2.73531,2.72,2.73531,2035.332006
2021-08-18 03:00:00,2.7321,2.7321,2.72252,2.72252,757.342514
2021-08-18 04:00:00,2.75192,2.76583,2.75192,2.76213,381.360732
2021-08-18 05:00:00,2.72523,2.78923,2.72523,2.78923,896.13513284
2021-08-18 06:00:00,2.74972,2.83301,2.74972,2.83273,280.435106
2021-08-18 07:00:00,2.75,2.75,2.75,2.75,363.636364
2021-08-18 08:00:00,2.73893,2.78105,2.73893,2.78105,367.3236008
2021-08-18 09:00:00,2.78105,2.78105,2.78105,2.78105,0.0
2021-08-18 10:00:00,2.78105,2.78105,2.78105,2.78105,0.0
2021-08-18 11:00:00,2.72404,2.72556,2.71751,2.71751,78.26390758
2021-08-18 12:00:00,2.7439,2.75394,2.72818,2.75394,394.115448
2021-08-18 13:00:00,2.74632,2.76936,2.74536,2.76795,557.04071232
2021-08-18 14:00:00,2.72019,2.80295,2.65123,2.76561,11642.645065
2021-08-18 15:00:00,2.79411,2.83558,2.79411,2.83558,181.182614
2021-08-18 16:00:00,2.86719,2.87539,2.8622,2.8622,370.12478642
2021-08-18 17:00:00,2.9362,2.97856,2.9362,2.97856,139.60035879
2021-08-18 18:00:00,2.93994,2.93994,2.90618,2.90618,81.09834974
2021-08-18 19:00:00,2.9132,2.9132,2.87226,2.87226,88.12220756
2021-08-18 20:00:00,2.89197,2.89197,2.89197,2.89197,142.915551
2021-08-18 21:00:00,2.82948,2.88904,2.82358,2.88904,2069.02596176
2021-08-18 22:00:00,2.96103,2.96103,2.92351,2.92351,39.94223967
2021-08-18 23:00:00,2.88716,2.97854,2.88716,2.89098,196.490047
2021-08-19 00:00:00,2.97856,3.0499,2.97524,2.97524,1848.37742674
2021-08-19 01:00:00,3.01805,3.0227,3.01805,3.0227,479.631107
2021-08-19 02:00:00,2.981,2.981,2.981,2.981,165.249088
2021-08-19 03:00:00,2.92898,2.94387,2.92029,2.93781,237.67242322
2021-08-19 04:00:00,2.88305,2.98633,2.88305,2.98633,1022.56559229
2021-08-19 05:00:00,2.8951,3.0038,2.8951,2.94739,788.904423
2021-08-19 06:00:00,2.94739,2.94739,2.94739,2.94739,0.0
2021-08-19 07:00:00,2.9319,2.95929,2.9319,2.95929,38.288227
2021-08-19 08:00:00,2.96293,2.98007,2.96293,2.98007,2012.048558
2021-08-19 09:00:00,3.02313,3.02313,2.97067,2.97067,203.165624
2021-08-19 10:00:00,2.93802,2.93802,2.93802,2.93802,14.553838
2021-08-19 11:00:00,2.95838,2.95841,2.88068,2.88068,948.02771869
2021-08-19 12:00:00,2.88068,2.88068,2.88068,2.88068,0.0
2021-08-19 13:00:00,2.88068,2.88068,2.88068,2.88068,0.0
2021-08-19 14:00:00,2.88068,2.88068,2.88068,2.88068,0.0
2021-08-19 15:00:00,2.88068,2.88068,2.88068,2.88068,0.0
2021-08-19 16:00:00,3.02124,3.05,3.02124,3.05,7358.223159
2021-08-19 17:00:00,3.1,3.1,3.1,3.1,40.0
2021-08-19 18:00:00,3.19,3.2,3.19,3.2,353.479624
2021-08-19 19:00:00,3.26,3.37861,3.25609,3.37001,1958.8721374
2021-08-19 20:00:00,3.39,3.39,3.24591,3.24591,1001.8884041
2021-08-19 21:00:00,3.26651,3.26651,3.26651,3.26651,70.0
2021-08-19 22:00:00,3.35222,3.35222,3.33838,3.33838,2259.821907
2021-08-19 23:00:00,3.34991,3.47966,3.34989,3.47904,1294.21036304
2021-08-20 00:00:00,3.34949,3.35368,3.34949,3.35368,342.370565
2021-08-20 01:00:00,3.32666,3.4508,3.32666,3.41,6699.26220806
2021-08-20 02:00:00,3.38323,3.38323,3.37125,3.37125,935.56484208
2021-08-20 03:00:00,3.41754,3.41754,3.36744,3.36744,182.75303712
2021-08-20 04:00:00,3.388,3.49711,3.388,3.49711,408.23698971
2021-08-20 05:00:00,3.49924,3.62396,3.42371,3.52072,6381.60462365
2021-08-20 06:00:00,3.52201,3.52201,3.4978,3.4978,100.9923972
2021-08-20 07:00:00,3.49019,3.59307,3.41531,3.45356,699.99390021
2021-08-20 08:00:00,3.42693,3.51,3.42693,3.50989,3839.40984067
2021-08-20 09:00:00,3.50984,3.53588,3.47814,3.47814,670.43981192
2021-08-20 10:00:00,3.50501,3.53488,3.50501,3.50907,36.4717737
2021-08-20 11:00:00,3.49413,3.51807,3.46334,3.46334,461.374038
2021-08-20 12:00:00,3.46632,3.515,3.46,3.515,12292.56978587
2021-08-20 13:00:00,3.51498,3.595,3.4661,3.595,12571.92899953
2021-08-20 14:00:00,3.58526,3.58526,3.53693,3.53693,163.92757699
2021-08-20 15:00:00,3.56405,3.56405,3.4519,3.4519,651.35496983
2021-08-20 16:00:00,3.4519,3.4519,3.4519,3.4519,0.0
2021-08-20 17:00:00,3.4519,3.4519,3.4519,3.4519,72.45794291
2021-08-20 18:00:00,3.47837,3.47837,3.40931,3.40931,113.65126585
2021-08-20 19:00:00,3.40931,3.40931,3.40931,3.40931,0.0
2021-08-20 20:00:00,3.45771,3.49069,3.45339,3.49069,5604.738674
2021-08-20 21:00:00,3.49576,3.49711,3.48,3.49364,1513.33744018
2021-08-20 22:00:00,3.45206,3.45206,3.45206,3.45206,14.26745
2021-08-20 23:00:00,3.52349,3.52349,3.52349,3.52349,27.960894
2021-08-21 00:00:00,3.42118,3.43757,3.40538,3.42753,716.01025481
2021-08-21 01:00:00,3.37973,3.37973,3.37972,3.37972,1214.53163097
2021-08-21 02:00:00,3.47038,3.47661,3.45006,3.45006,1929.76326905
2021-08-21 03:00:00,3.48863,3.48863,3.38347,3.38347,3081.168089
2021-08-21 04:00:00,3.5096,3.51072,3.49281,3.51072,292.95763456
2021-08-21 05:00:00,3.525,3.55283,3.52,3.53467,2283.39424334
2021-08-21 06:00:00,3.51518,3.51518,3.51518,3.51518,280.260362
2021-08-21 07:00:00,3.51518,3.51518,3.51518,3.51518,0.0
2021-08-21 08:00:00,3.51518,3.51518,3.51518,3.51518,0.0
2021-08-21 09:00:00,3.47301,3.66328,3.44906,3.44906,27960.57659016
2021-08-21 10:00:00,3.43501,3.47396,3.43501,3.47396,72.09393033
2021-08-21 11:00:00,3.42902,3.42902,3.42898,3.42898,120.54864102
2021-08-21 12:00:00,3.45443,3.45443,3.45372,3.45434,222.580168
2021-08-21 13:00:00,3.49327,3.49327,3.49327,3.49327,845.835171
2021-08-21 14:00:00,3.41096,3.41096,3.4,3.4,2353.28784477
2021-08-21 15:00:00,3.39529,3.42803,3.39529,3.42803,269.5483158
2021-08-21 16:00:00,3.432,3.432,3.42803,3.42803,411.63068667
2021-08-21 17:00:00,3.42803,3.42803,3.42803,3.42803,0.0
2021-08-21 18:00:00,3.42803,3.42803,3.42803,3.42803,0.0
2021-08-21 19:00:00,3.38,3.38,3.26388,3.26388,573.4880257
2021-08-21 20:00:00,3.35168,3.38542,3.35168,3.38542,235.77863776
2021-08-21 21:00:00,3.38542,3.38542,3.38542,3.38542,0.0
2021-08-21 22:00:00,3.43193,3.43593,3.43,3.43593,427.76205952
2021-08-21 23:00:00,3.46262,3.49231,3.46262,3.49231,163.92544718
2021-08-22 00:00:00,3.45195,3.45195,3.45195,3.45195,1.367114
2021-08-22 01:00:00,3.46952,3.48657,3.46016,3.48657,744.28775149
2021-08-22 02:00:00,3.48657,3.48657,3.48657,3.48657,0.0
2021-08-22 03:00:00,3.49835,3.50945,3.49831,3.50945,592.916507
2021-08-22 04:00:00,3.52005,3.52513,3.46943,3.49396,490.947106
2021-08-22 05:00:00,3.53305,3.53305,3.53305,3.53305,125.485697
2021-08-22 06:00:00,3.52744,3.60351,3.52744,3.60351,393.81189808
2021-08-22 07:00:00,3.5978,3.6986,3.5978,3.69198,7368.20985689
2021-08-22 08:00:00,3.69884,3.72776,3.69884,3.72323,1550.083243
2021-08-22 09:00:00,3.63459,3.72841,3.63396,3.66476,2325.040511
2021-08-22 10:00:00,3.64141,3.64141,3.64141,3.64141,304.377625
2021-08-22 11:00:00,3.67856,3.71037,3.66633,3.66645,8597.64156298
2021-08-22 12:00:00,3.67743,3.67743,3.62184,3.625,248.91351198
2021-08-22 13:00:00,3.61725,3.61725,3.57778,3.57778,334.945427
2021-08-22 14:00:00,3.64667,3.64667,3.54995,3.54995,858.37202188
2021-08-22 15:00:00,3.60881,3.60881,3.59093,3.59093,320.305043
2021-08-22 16:00:00,3.59093,3.59093,3.59093,3.59093,0.0
2021-08-22 17:00:00,3.57332,3.57332,3.57332,3.57332,18.747272
2021-08-22 18:00:00,3.60181,3.60181,3.60181,3.60181,5.0
2021-08-22 19:00:00,3.66209,3.66209,3.6,3.62318,570.515234
2021-08-22 20:00:00,3.61885,3.61885,3.61885,3.61885,13.884222
2021-08-22 21:00:00,3.61885,3.66089,3.61885,3.66089,61.171252
2021-08-22 22:00:00,3.61117,3.66212,3.61117,3.66212,166.77671718
2021-08-22 23:00:00,3.73199,3.76613,3.6997,3.6997,164.64002818
2021-08-23 00:00:00,3.80051,3.84035,3.80001,3.80001,349.926738
2021-08-23 01:00:00,3.8731,3.9828,3.8731,3.95587,2675.68776936
2021-08-23 02:00:00,3.93581,3.95435,3.90999,3.95393,1067.38725062
2021-08-23 03:00:00,3.95,3.95,3.86225,3.93831,5238.65373158
2021-08-23 04:00:00,3.90722,3.92169,3.772,3.92169,7527.19443547
2021-08-23 05:00:00,3.90592,3.96842,3.84086,3.96842,4953.46270636
2021-08-23 06:00:00,3.93673,3.95355,3.90045,3.95355,811.66638503
2021-08-23 07:00:00,3.95589,3.98311,3.9,3.9,14785.43287794
2021-08-23 08:00:00,4.0,4.0,3.96386,3.96386,7758.960332
2021-08-23 09:00:00,3.92865,3.99199,3.92865,3.96748,188.79874039
2021-08-23 10:00:00,3.97397,3.97397,3.9066,3.95895,4009.652881
2021-08-23 11:00:00,3.95961,3.96977,3.92879,3.95739,1396.77877818
2021-08-23 12:00:00,3.95079,3.96399,3.94241,3.94328,926.66311769
2021-08-23 13:00:00,3.92055,3.96569,3.92055,3.96569,6967.75471476
2021-08-23 14:00:00,4.06995,4.07496,3.93591,4.07496,3440.16076642
2021-08-23 15:00:00,4.07496,4.07496,4.07496,4.07496,0.0
2021-08-23 16:00:00,4.09625,4.09625,3.99058,3.99058,1454.69490418
2021-08-23 17:00:00,4.10477,4.10477,4.09193,4.09193,177.75863
2021-08-23 18:00:00,4.09193,4.09193,4.09193,4.09193,0.0
2021-08-23 19:00:00,3.97078,4.02479,3.97078,4.0,460.69320448
2021-08-23 20:00:00,3.96161,4.06086,3.96161,4.06086,219.822304
2021-08-23 21:00:00,4.09333,4.09333,4.08918,4.08918,1340.62503297
2021-08-23 22:00:00,4.09625,4.2362,4.09625,4.2362,12007.08531818
2021-08-23 23:00:00,4.11555,4.11556,4.06325,4.06325,1624.86069998
2021-08-24 00:00:00,4.06993,4.09935,3.97078,3.97078,1769.39862928
2021-08-24 01:00:00,3.98785,4.00945,3.95215,3.95215,193.350612
2021-08-24 02:00:00,3.97223,3.99531,3.93938,3.93938,535.329048
2021-08-24 03:00:00,3.96545,3.97393,3.95961,3.97393,413.210792
2021-08-24 04:00:00,3.97485,3.99118,3.94809,3.94809,744.84172465
2021-08-24 05:00:00,3.97303,4.00526,3.96967,3.99997,189.7343648
2021-08-24 06:00:00,4.01,4.01,3.99901,3.99901,1004.99999997
2021-08-24 07:00:00,4.04325,4.05028,4.04325,4.04379,257.46039778
2021-08-24 08:00:00,4.05213,4.05548,4.04579,4.05548,729.823712
2021-08-24 09:00:00,4.05331,4.05331,3.99406,4.01928,6703.27349603
2021-08-24 10:00:00,4.01415,4.0142,4.01415,4.0142,4908.121366
